<?xml version="1.0" encoding="UTF-8"?>
<beans xmlns="http://www.springframework.org/schema/beans"
       xmlns:xsi="http://www.w3.org/2001/XMLSchema-instance"
       xmlns:context="http://www.springframework.org/schema/context"
       xsi:schemaLocation="http://www.springframework.org/schema/beans
http://www.springframework.org/schema/beans/spring-beans-4.2.xsd
http://www.springframework.org/schema/context
http://www.springframework.org/schema/context/spring-context-4.2.xsd">
    <!--上面的xsd最好和当前使用的Spring版本号一致,如果换了Spring版本,这个最好也跟着改-->

    <!-- 加载配置属性文件 -->
    <context:property-placeholder ignore-unresolvable="true" location="classpath:properties/config.properties" />
    <!-- ================ Shiro start ================ -->

    <!--如果要使用注解，你在Spring的配置文件中需要先加上这个Shiro提供的注解切面，否则注解是不起作用的。
    参考：http://blog.csdn.net/sharetop/article/details/50195609-->
    <bean class="org.apache.shiro.spring.security.interceptor.AuthorizationAttributeSourceAdvisor">
        <property name="securityManager" ref="securityManager"/>
    </bean>
    <!-- 定义Shiro安全管理配置 -->
    <bean id="securityManager" class="org.apache.shiro.web.mgt.DefaultWebSecurityManager">
        <property name="realm" ref="ShiroRealm" />
        <property name="cacheManager" ref="cacheManager"></property>
        <property name="sessionManager" ref="sessionManager" />
        <!--<property name="rememberMeManager" ref="rememberMeManager"/>-->
    </bean>
    <!-- session管理器 -->
    <bean id="sessionManager" class="org.apache.shiro.web.session.mgt.DefaultWebSessionManager">
        <property name="sessionDAO" ref="sessionDAO"/>
        <!--单位：毫秒 30分钟-->
        <property name="globalSessionTimeout" value="1800000"/>
        <!-- 定时清理失效会话, 清理用户直接关闭浏览器造成的孤立会话   -->
        <property name="sessionValidationInterval" value="120000"/>
        <!--  		<property name="sessionValidationSchedulerEnabled" value="false"/> -->
        <property name="sessionValidationSchedulerEnabled" value="true"/>

        <property name="sessionIdCookie" ref="sessionIdCookie"/>
        <property name="sessionIdCookieEnabled" value="true"/>
    </bean>
    <bean id="sessionDAO" class="org.apache.shiro.session.mgt.eis.EnterpriseCacheSessionDAO">
        <property name="activeSessionsCacheName" value="activeSessionsCache" />
        <property name="cacheManager" ref="cacheManager" />
    </bean>
    <!-- 指定本系统SESSIONID, 默认为: JSESSIONID 问题: 与SERVLET容器名冲突, 如JETTY, TOMCAT 等默认JSESSIONID,
          当跳出SHIRO SERVLET时如ERROR-PAGE容器会为JSESSIONID重新分配值导致登录会话丢失! -->
    <bean id="sessionIdCookie" class="org.apache.shiro.web.servlet.SimpleCookie">
        <constructor-arg name="name" value="ezadmin.session.id"/>
    </bean>
    <!-- 缓存管理器 使用Ehcache实现 -->
    <bean id="cacheManager" class="org.apache.shiro.cache.ehcache.EhCacheManager">
        <property name="cacheManagerConfigFile" value="classpath:ehcache/ehcache.xml"/>
    </bean>

    <!-- CAS认证过滤器 -->
  <!--  <bean id="casFilter" class="org.apache.shiro.cas.CasFilter">
        <property name="failureUrl" value="/ez/syslogin/login_toLogin.do"/>
    </bean>-->

    <!-- 項目自定义的Realm -->
    <bean id="ShiroRealm" class="com.ez.interceptor.shiro.ShiroRealm" ></bean>

    <!-- Shiro Filter -->
    <bean id="shiroFilter" class="org.apache.shiro.spring.web.ShiroFilterFactoryBean">
        <!-- shiro的核心安全接口 -->
        <property name="securityManager" ref="securityManager" />
        <!-- 要求登录时的链接,非必须的属性,默认会自动寻找Web工程根目录下的"/login1.jsp"页面或者自己指定的路径地址 -->
        <property name="loginUrl" value="/ez/syslogin/login_toLogin.do" />
        <!-- 登陆成功后要跳转的连接，非必须的属性,如果自己已经设置登陆成功的地址 -->
        <property name="successUrl" value="/ez/syslogin/index.do" />
        <!-- 未授权时要跳转的连接 -->
        <property name="unauthorizedUrl" value="/ez/syslogin/login_toLogin.do" />
        <!-- shiro连接约束配置 -->
        <property name="filterChainDefinitions">
            <value>
                /static/js/** 		        	    = authc
                /ez/syslogin/login_toLogin.do   	= anon
                /*.do       					    = authc
            </value>
        </property>
    </bean>

    <!--remember me功能-->
    <!-- 会话Cookie模板 -->
    <!--<bean id="sessionIdCookie" class="org.apache.shiro.web.servlet.SimpleCookie">
        <constructor-arg value="sid"/>
        <property name="httpOnly" value="true"/>
        <property name="maxAge" value="-1"/>
    </bean>
    <bean id="rememberMeCookie" class="org.apache.shiro.web.servlet.SimpleCookie">
        <constructor-arg value="rememberMe"/>
        <property name="httpOnly" value="true"/>
        <property name="maxAge" value="2592000"/>&lt;!&ndash; 30天 &ndash;&gt; &lt;!&ndash;参数-1，表示关闭就失效&ndash;&gt;
    </bean>
    &lt;!&ndash; rememberMe管理器 &ndash;&gt;
    <bean id="rememberMeManager" class="org.apache.shiro.web.mgt.CookieRememberMeManager">
        <property name="cipherKey" value="#{T(org.apache.shiro.codec.Base64).decode('4AvVhmFLUs0KTA3Kprsdag==')}"/>
        <property name="cookie" ref="rememberMeCookie"/>
    </bean>-->

    <!-- ================ Shiro end ================ -->

</beans>
