<?xml version="1.0" encoding="UTF-8" ?>
<!DOCTYPE mapper PUBLIC "-//mybatis.org//DTD Mapper 3.0//EN" 
    "http://mybatis.org/dtd/mybatis-3-mapper.dtd">


<!-- 不使用namespace的话sql搜索定位会比较方便 -->
<mapper namespace="com.ez.system.dao.SysCityDao">

	<!-- 以下两个<cache>标签二选一,第一个可以输出日志,第二个不输出日志 -->
	<cache type="org.mybatis.caches.ehcache.LoggingEhcache"/>
	<!--<cache type="org.mybatis.caches.ehcache.EhcacheCache" />-->

	<resultMap id="SysCity" type="com.ez.system.entity.SysCity">
		<result property="id" column="id"/>
		<result property="name" column="name"/>
		<result property="parentId" column="parentId"/>
	</resultMap>
	
	<sql id="selectId">
		id,
name,
parentId
    </sql>
    
    <select id="findAll" resultMap="SysCity">
		select
		<include refid="selectId" />
		from sys_city
	</select>
	
	<select id="query" resultMap="SysCity" parameterType="com.ez.system.entity.SysCity">
		select
		<include refid="selectId" />
		from sys_city
		<include refid="querywhere"/>
	</select>
	
	<sql id="querywhere">
	<!-- ognl访问静态方法的表达式 为@class@method(args),以下为调用Ognl.isNotEmpty()方法,还有其它方法如isNotBlank()可以使用，具体请查看Ognl类 -->
	<where>
		<if test="@Ognl@isNotEmpty(name)">
			AND name like '%${name}%'
		</if>
		<if test="@Ognl@isNotEmpty(parentId)">
			AND parentId = '${parentId}'
		</if>
	</where>
	</sql>

	<!-- 总记录数 -->
	<select id="count" parameterType="com.ez.system.entity.SysCity" resultType="int">
		select count(0) from sys_city
		<include refid="querywhere"/>
	</select>
	
	<!-- 新增 -->
	<insert id="addAll" parameterType="com.ez.system.entity.SysCity">
		<!--<selectKey resultType="java.lang.Integer"  order="AFTER" keyProperty="id" >
			SELECT LAST_INSERT_ID() AS ID
		</selectKey>-->
		INSERT INTO sys_city (
			id,
        	name ,
        	parentId 
        ) VALUES (
			#{id},
        	#{name} ,
        	#{parentId} 
        )
	</insert>
	
	<!-- 新增Selective -->
	<insert id="add" parameterType="com.ez.system.entity.SysCity">
		INSERT INTO sys_city
		<include refid="addtrim"/>
	</insert>
	
	<sql id="addtrim">
		<trim prefix="(" suffix=")" suffixOverrides="," >
			<if test="@Ognl@isNotEmpty(id)">
				id,
			</if>
			<if test="@Ognl@isNotEmpty(name)">
				name,
			</if>
			<if test="@Ognl@isNotEmpty(parentId)">
				parentId,
			</if>
		</trim>
		<trim prefix=" values (" suffix=")" suffixOverrides="," >
			<if test="@Ognl@isNotEmpty(id)">
				#{id},
			</if>
			<if test="@Ognl@isNotEmpty(name)">
				#{name},
			</if>
			<if test="@Ognl@isNotEmpty(parentId)">
				#{parentId},
			</if>
		</trim>
	</sql>
	
	<!-- 删 -->
	<delete id="delete" parameterType="String">
		DELETE FROM sys_city WHERE
		id = #{id} 
	</delete>
    <delete id="deleteAll">
		DELETE FROM sys_city
	</delete>

    <!-- 根据主键查实体 -->
	<select id="getById" parameterType="String" resultMap="SysCity">
		SELECT <include refid="selectId" />
		    FROM sys_city 
	        WHERE 
        id = #{id} 
	</select>
    <select id="getParentcity" resultMap="SysCity" parameterType="com.ez.system.entity.SysCity" useCache="false">
		SELECT <include refid="selectId" />
		FROM sys_city
		WHERE
		parentId = "0"
		<if test="@Ognl@isNotEmpty(name)">
			AND name like '%${name}%'
		</if>
		<if test="@Ognl@isNotEmpty(id)">
			AND id like '%${id}%'
		</if>
		<if test="@Ognl@isNotEmpty(parentId)">
			AND parentId like '%${parentId}%'
		</if>
		ORDER BY id
	</select>
	<select id="getChildrenCity" resultMap="SysCity" parameterType="com.ez.system.entity.SysCity" useCache="false">
		SELECT <include refid="selectId" />
		FROM sys_city
		WHERE
		parentId = ${parentId}
		<if test="@Ognl@isNotEmpty(name)">
			AND name like '%${name}%'
		</if>
		<if test="@Ognl@isNotEmpty(id)">
			AND id like '%${id}%'
		</if>
		<if test="@Ognl@isNotEmpty(parentId)">
			AND parentId like '%${parentId}%'
		</if>
		ORDER BY id
	</select>
    <select id="getChildrenCityById" resultMap="SysCity" useCache="false">
		SELECT <include refid="selectId" />
		FROM sys_city
		WHERE
		parentId = ${id}
	</select>

	<!-- 更新all -->
	<update id="updateAll" parameterType="com.ez.system.entity.SysCity">
	    UPDATE sys_city SET
	        name = #{name} ,
	        parentId = #{parentId} 
        WHERE 
	        id = #{id} 
	</update>
	
	<sql id="updateset">
	<set>
		<if test="@Ognl@isNotEmpty(name)">
			name = #{name},
		</if>
		<if test="@Ognl@isNotEmpty(parentId)">
			parentId = #{parentId},
		</if>
    </set>
	</sql>
	
	<!-- 更新Selective -->
	<update id="modify" parameterType="com.ez.system.entity.SysCity">
	    UPDATE sys_city 
		<include refid="updateset"/>
        WHERE 
	        id = #{id} 
	</update>
	
</mapper>

