<?xml version="1.0" encoding="UTF-8" ?>
<!DOCTYPE mapper PUBLIC "-//mybatis.org//DTD Mapper 3.0//EN" 
    "http://mybatis.org/dtd/mybatis-3-mapper.dtd">


<!-- 不使用namespace的话sql搜索定位会比较方便 -->
<mapper namespace="com.ez.system.dao.SysDicTypeDao">
	<!-- 以下两个<cache>标签二选一,第一个可以输出日志,第二个不输出日志 -->
	<cache type="org.mybatis.caches.ehcache.LoggingEhcache"/>
	<!--<cache type="org.mybatis.caches.ehcache.EhcacheCache" />-->

	<resultMap id="SysDictype" type="com.ez.system.entity.SysDicType">
        <result property="code" column="CODE"/>
        <result property="name" column="NAME"/>
        <result property="remark" column="REMARK"/>
        <result property="flag" column="FLAG"/>
	</resultMap>
	
	<sql id="selectId">
		CODE,
NAME,
REMARK,
FLAG
    </sql>
    
    <select id="findAll" resultMap="SysDictype">
		select
		<include refid="selectId" />
		from sys_dictype
	</select>

	<select id="query" resultMap="SysDictype" parameterType="com.ez.system.entity.SysDicType">
		select
		<include refid="selectId" />
		from sys_dictype
		<include refid="querywhere"/>
	</select>

		<sql id="querywhere">
		<!-- ognl访问静态方法的表达式 为@class@method(args),以下为调用Ognl.isNotEmpty()方法,还有其它方法如isNotBlank()可以使用，具体请查看Ognl类 -->
		<where>	      				
		       <if test="@Ognl@isNotEmpty(name)">
					AND NAME like '%${name}%'
				</if>
		       <if test="@Ognl@isNotEmpty(remark)">
					AND REMARK like '%${remark}%'
				</if>
		       <if test="@Ognl@isNotEmpty(flag)">
					AND FLAG like '%${flag}%'
				</if>
	       
		</where>
	</sql>

	<!-- 总记录数 -->
	<select id="count" parameterType="com.ez.system.entity.SysDicType" resultType="int">
		select count(0) from sys_dictype
		<include refid="querywhere"/>
	</select>
	
	<!-- 新增 -->
	<insert id="addAll" parameterType="com.ez.system.entity.SysDicType">
	<selectKey resultType="java.lang.Integer"  order="AFTER" keyProperty="id" >
        SELECT LAST_INSERT_ID() AS ID   
    </selectKey>
		INSERT INTO sys_dictype (
        	NAME ,
        	REMARK ,
        	FLAG 
        ) VALUES (
        	#{name} ,
        	#{remark} ,
        	#{flag} 
        )
	</insert>
	
	<!-- 新增Selective -->
	<insert id="add" parameterType="com.ez.system.entity.SysDicType">
		INSERT INTO sys_dictype 
		<include refid="addtrim"/>
	</insert>
	
	<sql id="addtrim">
	<trim prefix="(" suffix=")" suffixOverrides="," >
			<if test="@Ognl@isNotEmpty(code)">
				CODE,
			</if>
			<if test="@Ognl@isNotEmpty(name)">
				NAME,
			</if>
			<if test="@Ognl@isNotEmpty(remark)">
				REMARK,
			</if>
			<if test="@Ognl@isNotEmpty(flag)">
				FLAG,
			</if>
    </trim>
    <trim prefix=" values (" suffix=")" suffixOverrides="," >
			<if test="@Ognl@isNotEmpty(code)">
				#{code},
			</if>
			<if test="@Ognl@isNotEmpty(name)">
				#{name},
			</if>
			<if test="@Ognl@isNotEmpty(remark)">
				#{remark},
			</if>
			<if test="@Ognl@isNotEmpty(flag)">
				#{flag},
			</if>
    </trim>
	</sql>
	
	<!-- 删 -->
	<delete id="delete" parameterType="String">
		DELETE FROM sys_dictype WHERE
        CODE = #{id} 
	</delete>
	
	<!-- 根据主键查实体 -->
	<select id="getById" parameterType="String" resultMap="SysDictype">
		SELECT <include refid="selectId" />
		    FROM sys_dictype 
	        WHERE 
        CODE = #{id}
	</select>
	<select id="getSdBySdtCode" resultType="com.ez.system.entity.SysDicType" parameterType="String">
		SELECT <include refid="selectId" />
		FROM sys_dictype
		<if test="@Ognl@isNotEmpty(code)">
			WHERE CODE = #{code}
		</if>
		order by CODE
	</select>
	<select id="getByName" resultType="com.ez.system.entity.SysDicType">
		SELECT  <include refid="selectId" />
		FROM sys_dictype
		WHERE
		NAME =#{name}
	</select>

	<!-- 更新all -->
	<update id="updateAll" parameterType="com.ez.system.entity.SysDicType">
	    UPDATE sys_dictype SET
	        NAME = #{name} ,
	        REMARK = #{remark} ,
	        FLAG = #{flag} 
        WHERE 
	        CODE = #{code} 
	</update>
	
	<sql id="updateset">
	<set>
		<if test="@Ognl@isNotEmpty(name)">
			NAME = #{name},
		</if>
		<if test="@Ognl@isNotEmpty(remark)">
			REMARK = #{remark},
		</if>
		<if test="@Ognl@isNotEmpty(flag)">
			FLAG = #{flag},
		</if>
    </set>
	</sql>
	
	<!-- 更新Selective -->
	<update id="modify" parameterType="com.ez.system.entity.SysDicType">
	    UPDATE sys_dictype 
		<include refid="updateset"/>
        WHERE 
	        CODE = #{code} 
	</update>
	
	<!-- 查找唯一索引但不是主键的字段Selective -->
	
</mapper>

