<?xml version="1.0" encoding="UTF-8" ?>
<!DOCTYPE mapper PUBLIC "-//mybatis.org//DTD Mapper 3.0//EN" 
    "http://mybatis.org/dtd/mybatis-3-mapper.dtd">


<!-- 不使用namespace的话sql搜索定位会比较方便 -->
<mapper namespace="com.ez.system.dao.SysOptionDao">

	<!-- 以下两个<cache>标签二选一,第一个可以输出日志,第二个不输出日志 -->
	<cache type="org.mybatis.caches.ehcache.LoggingEhcache"/>
	<!--<cache type="org.mybatis.caches.ehcache.EhcacheCache" />-->

	<resultMap id="SysOption" type="com.ez.system.entity.SysOption">
		<result property="oid" column="oId"/>
		<result property="optionValue" column="optionValue"/>
		<result property="optionName" column="optionName"/>
		<result property="optionOrder" column="optionOrder"/>
	</resultMap>
	
	<sql id="selectId">
		oId,
		optionValue,
		optionName,
		optionOrder
    </sql>
    
    <select id="findAll" resultMap="SysOption">
		select
		<include refid="selectId" />
		from sys_option
		ORDER BY  optionOrder
	</select>
	
	<select id="query" resultMap="SysOption" parameterType="com.ez.system.entity.SysOption">
		select
		<include refid="selectId" />
		from sys_option
		<include refid="querywhere"/>

	</select>
	
	<sql id="querywhere">
	<!-- ognl访问静态方法的表达式 为@class@method(args),以下为调用Ognl.isNotEmpty()方法,还有其它方法如isNotBlank()可以使用，具体请查看Ognl类 -->
	<where>
		<if test="@Ognl@isNotEmpty(optionValue)">
			AND optionValue like '%${optionValue}%'
		</if>
		<if test="@Ognl@isNotEmpty(optionName)">
			AND optionName like '%${optionName}%'
		</if>
		<if test="@Ognl@isNotEmpty(optionOrder)">
			AND optionOrder like '%${optionOrder}%'
		</if>
	</where>
	</sql>

	<!-- 总记录数 -->
	<select id="count" parameterType="com.ez.system.entity.SysOption" resultType="int">
		select count(0) from sys_option
		<include refid="querywhere"/>
	</select>
	
	<!-- 新增 -->
	<insert id="addAll" parameterType="com.ez.system.entity.SysOption">
		INSERT INTO sys_option (
			oId ,
        	optionValue ,
        	optionName ,
        	optionOrder
        ) VALUES (
			#{oid} ,
        	#{optionValue} ,
        	#{optionName} ,
        	#{optionOrder}

        )
	</insert>
	
	<!-- 新增Selective -->
	<insert id="add" parameterType="com.ez.system.entity.SysOption">
		INSERT INTO sys_option
		<include refid="addtrim"/>
	</insert>
	
	<sql id="addtrim">
		<trim prefix="(" suffix=")" suffixOverrides="," >
			<if test="@Ognl@isNotEmpty(oid)">
				oId,
			</if>
			<if test="@Ognl@isNotEmpty(optionValue)">
				optionValue,
			</if>
			<if test="@Ognl@isNotEmpty(optionName)">
				optionName,
			</if>
			<if test="@Ognl@isNotEmpty(optionOrder)">
				optionOrder,
			</if>
		</trim>
		<trim prefix=" values (" suffix=")" suffixOverrides="," >
			<if test="@Ognl@isNotEmpty(oid)">
				#{oid},
			</if>
			<if test="@Ognl@isNotEmpty(optionValue)">
				#{optionValue},
			</if>
			<if test="@Ognl@isNotEmpty(optionName)">
				#{optionName},
			</if>
			<if test="@Ognl@isNotEmpty(optionOrder)">
				#{optionOrder},
			</if>
		</trim>
	</sql>
	
	<!-- 删 -->
	<delete id="delete" parameterType="String">
		DELETE FROM sys_option WHERE
		oId = #{id} 
	</delete>
	
	<!-- 根据主键查实体 -->
	<select id="getById" parameterType="String" resultMap="SysOption">
		SELECT <include refid="selectId" />
		    FROM sys_option 
	        WHERE 
        oId = #{id} 
	</select>

	<!-- 更新all -->
	<update id="updateAll" parameterType="com.ez.system.entity.SysOption">
	    UPDATE sys_option SET
	        optionValue = #{optionValue} ,
	        optionName = #{optionName} ,
	        optionOrder = #{optionOrder} ,
        WHERE
	        oId = #{oid} 
	</update>
	
	<sql id="updateset">
	<set>
		<if test="@Ognl@isNotEmpty(optionValue)">
			optionValue = #{optionValue},
		</if>
		<if test="@Ognl@isNotEmpty(optionName)">
			optionName = #{optionName},
		</if>
		<if test="@Ognl@isNotEmpty(optionOrder)">
			optionOrder = #{optionOrder},
		</if>
    </set>
	</sql>
	
	<!-- 更新Selective -->
	<update id="modify" parameterType="com.ez.system.entity.SysOption">
	    UPDATE sys_option 
		<include refid="updateset"/>
        WHERE 
	        oId = #{oid} 
	</update>
	
</mapper>

